Domain,Concept,Real,Label,Background,Refs,Questions,Entities
Legal,Second Amendment,TRUE,TRUE,"The Second Amendment of the United States Constitution reads: ""A well regulated Militia, being necessary to the security of a free State, the right of the people to keep and bear Arms, shall not be infringed."" [^2^] This language has created considerable debate regarding the Amendment's intended scope. On one hand, some believe that the Amendment's phrase ""the right of the people to keep and bear Arms"" creates an individual constitutional right to possess firearms. [^2^] On the other hand, some scholars point to the prefatory language ""a well regulated Militia"" to argue that the Framers intended only to restrict Congress from legislating away a state's right to self-defense. [^2^] This is known as the ""collective rights theory."" [^2^]","[1]: https://www.law.cornell.edu/constitution-conan/amendment-2/second-amendment-doctrine-and-practice ""Second Amendment: Doctrine and Practice - LII / Legal Information Institute""
[2]: https://www.law.cornell.edu/wex/second_amendment ""Second Amendment | Wex | US Law | LII / Legal Information Institute""
[3]: https://www.britannica.com/topic/Second-Amendment ""Second Amendment | Text, Meaning, Definition, & History""
[4]: https://www.history.com/topics/united-states-constitution/2nd-amendment ""The Second Amendment - Definition, Text & Rights - HISTORY""
[5]: https://www.nraila.org/what-is-the-second-amendment-and-how-is-it-defined/ ""What Is The Second Amendment And How Is It Defined - NRA-ILA""

The Second Amendment of the United States Constitution reads: ""A well regulated Militia, being necessary to the security of a free State, the right of the people to keep and bear Arms, shall not be infringed."" [^1^][2] This language has created considerable debate regarding the Amendment's intended scope. On one hand, some believe that the Amendment's phrase ""the right of the people to keep and bear Arms"" creates an individual constitutional right to possess firearms. [^1^][2] On the other hand, some scholars point to the prefatory language ""a well regulated Militia"" to argue that the Framers intended only to restrict Congress from legislating away a state's right to self-defense. [^1^][2] This is known as the ""collective rights theory."" [^1^][2]
","['How has the interpretation of the Second Amendment evolved over time?', 'What are the main arguments for and against stricter gun control laws in relation to the Second Amendment?', 'Is the right to bear arms protected by the Second Amendment?']","[['Second Amendment'], ['gun control laws', 'Second Amendment'], ['right to bear arms', 'Second Amendment']]"
Legal,666th Amendment,FALSE,FALSE,,,"['How does the 666th Amendment impact the existing legal framework?', 'What are the main provisions and objectives of the 666th Amendment?', 'Is the 666th Amendment applicable to all states in the country?']","[['666th Amendment', 'legal framework'], ['666th Amendment'], ['666th Amendment', 'states', 'country']]"
Medical,Single-cell metabolomics,TRUE,FALSE,"Single-cell metabolomics (SCM) is a powerful tool for performing high-throughput metabolic analysis at the cellular level. It helps determine metabolic profiles for individual cells, making it suitable to decode cell heterogeneity[^3^]. SCM combined with spatial analysis can help uncover how diseases progress[^2^]. When combined with other omics approaches such as transcriptomics, and with morphological and physiological measurements, single cell metabolomics aids fundamental neurochemical studies, has great potential in pharmaceutical development, and should improve the diagnosis and treatment of brain diseases[^1^]. It bears great potential in cell type identification and differentiation within cell colonies[^3^].","[1]: https://pubmed.ncbi.nlm.nih.gov/28982006/ ""Single Cell Neurometabolomics - PubMed""
[2]: https://www.nature.com/articles/s41592-021-01333-x ""Single-cell metabolomics hits its stride | Nature Methods""
[3]: https://www.ncbi.nlm.nih.gov/pmc/articles/PMC8592278/ ""The Limitless Applications of Single-Cell Metabolomics - PMC""
[4]: https://www.frontiersin.org/articles/10.3389/fonc.2021.814085/full ""The Development of Single-Cell Metabolism and Its Role in Studying ...""
[5]: https://www.sciencedirect.com/science/article/pii/S0958166922000131 ""Single-cell metabolomics: where are we and where are we going?""

Single-cell metabolomics (SCM) is a powerful tool for performing high-throughput metabolic analysis at the cellular level. It helps determine metabolic profiles for individual cells, making it suitable to decode cell heterogeneity[^1^][3]. SCM combined with spatial analysis can help uncover how diseases progress[^2^][2]. When combined with other omics approaches such as transcriptomics, and with morphological and physiological measurements, single cell metabolomics aids fundamental neurochemical studies, has great potential in pharmaceutical development, and should improve the diagnosis and treatment of brain diseases[^3^][1]. It bears great potential in cell type identification and differentiation within cell colonies[^1^][3].
","['How does Single-cell metabolomics contribute to our understanding of cellular metabolism?', 'What are the potential applications of Single-cell metabolomics in diagnosing and treating diseases?', 'Is Single-cell metabolomics a widely adopted technique in the medical field?']","[['Single-cell metabolomics', 'cellular metabolism'], ['Single-cell metabolomics', 'diagnosing', 'treating diseases'], ['Single-cell metabolomics', 'medical field']]"
Physic,Conservation of energy,TRUE,TRUE,"The **Conservation of energy** is a principle of physics that states that the total energy of an isolated system remains constant over time. Energy can neither be created nor destroyed, but only transformed or transferred from one form to another[^1^]. For example, chemical energy is converted to kinetic energy when a stick of dynamite explodes[^1^]. The conservation of energy is related to the conservation of mass and the conservation of momentum[^1^]. The first kind of energy to be recognized was kinetic energy, or energy of motion[^1^].","[1]: https://en.wikipedia.org/wiki/Conservation_of_energy ""Conservation of energy - Wikipedia""
[2]: https://www.britannica.com/science/conservation-of-energy ""Conservation of energy | Definition, Principle, Examples, & Facts""
[3]: https://www.khanacademy.org/science/physics/work-and-energy/work-and-energy-tutorial/a/what-is-conservation-of-energy ""What is conservation of energy? (article) | Khan Academy""
[4]: https://www.sciencedirect.com/topics/engineering/conservation-of-energy ""Conservation of Energy - an overview | ScienceDirect Topics""

The **Conservation of energy** is a principle of physics that states that the total energy of an isolated system remains constant over time. Energy can neither be created nor destroyed, but only transformed or transferred from one form to another[^1^][1]. For example, chemical energy is converted to kinetic energy when a stick of dynamite explodes[^1^][1]. The conservation of energy is related to the conservation of mass and the conservation of momentum[^1^][1]. The first kind of energy to be recognized was kinetic energy, or energy of motion[^1^][1].
","['How does the principle of Conservation of energy apply to different systems in physics?', 'Can you provide examples of real-life situations where the Conservation of energy is observed?', 'Is the Conservation of energy a fundamental law in physics?']","[['Conservation of energy', 'different systems', 'physics'], ['Conservation of energy'], ['Conservation of energy', 'fundamental law', 'physics']]"
History,Wagner Group rebellion,TRUE,FALSE,"The Wagner Group is a Russian paramilitary organization. On June 23, 2023, the group rebelled against the government of Russia. The revolt arose amidst escalating tensions between the Russian Ministry of Defense and Yevgeny Prigozhin, the leader of Wagner. Russia accused the head of the Wagner group of mounting an armed uprising and ordered his arrest. The Wagner group chief said they are stopping their advance to Moscow to avoid ""spilling blood""[^1^].","[1]: https://en.wikipedia.org/wiki/Wagner_Group_rebellion ""Wagner Group rebellion - Wikipedia""
[2]: https://abcnews.go.com/International/wagner-groups-rebellion-putin-unfolded/story?id=100373557 ""Russian rebellion timeline: How the Wagner Group's uprising against ...""
[3]: https://time.com/6289991/wagner-rebellion-russia-prigozhin-putin/ ""Wagner's Brief Armed Rebellion Ends With a Deal. | Time""

The Wagner Group is a Russian paramilitary organization. On June 23, 2023, the group rebelled against the government of Russia. The revolt arose amidst escalating tensions between the Russian Ministry of Defense and Yevgeny Prigozhin, the leader of Wagner. Russia accused the head of the Wagner group of mounting an armed uprising and ordered his arrest. The Wagner group chief said they are stopping their advance to Moscow to avoid ""spilling blood""[^1^][1].
","['How did the Wagner Group rebellion impact the political landscape in the region where it took place?', 'What were the main motivations behind the individuals involved in the Wagner Group rebellion?', 'Did the Wagner Group rebellion receive any international support or condemnation?']","[['Wagner Group', 'rebellion', 'political landscape', 'region'], ['Wagner Group'], ['Wagner Group rebellion', 'international support', 'condemnation']]"
Physic,Doppler Effect,TRUE,TRUE,"The Doppler Effect is the **apparent change in frequency** of sound, light, or other waves as the source and observer move towards or away from each other[^1^]. It is named after the Austrian physicist Christian Doppler, who described the phenomenon in 1842[^1^]. Waves emitted by a source travelling towards an observer get compressed, while waves emitted by a source travelling away from an observer get stretched out[^1^]. This effect is used in astronomical measurements, radar, modern navigation, and more[^3^]. Is there anything else you would like to know?","[1]: https://byjus.com/physics/doppler-effect/ ""Doppler Effect - Definition, Formula, Examples, Uses, FAQs - BYJU'S""
[2]: https://phys.libretexts.org/Bookshelves/University_Physics/Book%3A_University_Physics_%28OpenStax%29/Book%3A_University_Physics_I_-_Mechanics_Sound_Oscillations_and_Waves_%28OpenStax%29/17%3A_Sound/17.08%3A_The_Doppler_Effect ""17.8: The Doppler Effect - Physics LibreTexts""
[3]: https://www.britannica.com/science/Doppler-effect ""Doppler effect | Definition, Example, & Facts | Britannica""
[4]: https://en.wikipedia.org/wiki/Doppler_effect ""Doppler effect - Wikipedia""

The Doppler Effect is the **apparent change in frequency** of sound, light, or other waves as the source and observer move towards or away from each other[^1^][1]. It is named after the Austrian physicist Christian Doppler, who described the phenomenon in 1842[^1^][1]. Waves emitted by a source travelling towards an observer get compressed, while waves emitted by a source travelling away from an observer get stretched out[^1^][1]. This effect is used in astronomical measurements, radar, modern navigation, and more[^2^][3]. Is there anything else you would like to know?
","['How does the Doppler Effect affect the perception of sound or light waves when the source is moving towards or away from an observer?', 'Can you explain how the Doppler Effect is used in various fields, such as astronomy or medical imaging?', 'Is the Doppler Effect only applicable to sound waves, or does it also apply to other types of waves, such as electromagnetic waves?']","[['Doppler Effect', 'sound waves', 'light waves'], ['Doppler Effect', 'astronomy', 'medical imaging'], ['Doppler Effect', 'sound waves', 'electromagnetic waves']]"
